algorithm,data_type,array_size,avg_time_us,avg_char_comparisons
standard_quicksort,random,100,13.30,14990.00
standard_quicksort,random,200,25.20,27671.00
standard_quicksort,random,300,41.80,42404.00
standard_quicksort,random,400,56.80,61545.00
standard_quicksort,random,500,78.30,74296.00
standard_quicksort,random,600,87.00,87531.00
standard_quicksort,random,700,143.60,106146.00
standard_quicksort,random,800,129.50,120731.00
standard_quicksort,random,900,147.20,135537.00
standard_quicksort,random,1000,164.70,156665.00
standard_quicksort,random,1100,185.40,174991.00
standard_quicksort,random,1200,214.90,188227.00
standard_quicksort,random,1300,236.60,200347.00
standard_quicksort,random,1400,242.80,214397.00
standard_quicksort,random,1500,267.50,230252.00
standard_quicksort,random,1600,292.20,247498.00
standard_quicksort,random,1700,306.80,262116.00
standard_quicksort,random,1800,334.80,286413.00
standard_quicksort,random,1900,360.90,295119.00
standard_quicksort,random,2000,373.80,309709.00
standard_quicksort,random,2100,448.70,321887.00
standard_quicksort,random,2200,398.50,340124.00
standard_quicksort,random,2300,429.70,358524.00
standard_quicksort,random,2400,462.90,371795.00
standard_quicksort,random,2500,472.50,393522.00
standard_quicksort,random,2600,476.00,399361.00
standard_quicksort,random,2700,516.70,423394.00
standard_quicksort,random,2800,534.40,442342.00
standard_quicksort,random,2900,559.80,457728.00
standard_quicksort,random,3000,575.40,470721.00
standard_quicksort,reverse_sorted,100,10.20,14359.00
standard_quicksort,reverse_sorted,200,19.80,28548.00
standard_quicksort,reverse_sorted,300,30.60,39655.00
standard_quicksort,reverse_sorted,400,45.30,57538.00
standard_quicksort,reverse_sorted,500,49.10,58794.00
standard_quicksort,reverse_sorted,600,65.70,78650.00
standard_quicksort,reverse_sorted,700,78.80,101847.00
standard_quicksort,reverse_sorted,800,101.50,116560.00
standard_quicksort,reverse_sorted,900,92.90,116960.00
standard_quicksort,reverse_sorted,1000,93.20,117220.00
standard_quicksort,reverse_sorted,1100,123.80,136636.00
standard_quicksort,reverse_sorted,1200,127.30,158395.00
standard_quicksort,reverse_sorted,1300,146.00,180488.00
standard_quicksort,reverse_sorted,1400,163.50,205827.00
standard_quicksort,reverse_sorted,1500,181.70,229499.00
standard_quicksort,reverse_sorted,1600,186.90,231752.00
standard_quicksort,reverse_sorted,1700,195.40,235032.00
standard_quicksort,reverse_sorted,1800,189.80,237405.00
standard_quicksort,reverse_sorted,1900,190.00,233465.00
standard_quicksort,reverse_sorted,2000,190.10,235833.00
standard_quicksort,reverse_sorted,2100,201.40,255244.00
standard_quicksort,reverse_sorted,2200,286.30,273428.00
standard_quicksort,reverse_sorted,2300,240.10,301549.00
standard_quicksort,reverse_sorted,2400,256.00,318333.00
standard_quicksort,reverse_sorted,2500,272.20,345551.00
standard_quicksort,reverse_sorted,2600,350.10,370014.00
standard_quicksort,reverse_sorted,2700,308.80,389570.00
standard_quicksort,reverse_sorted,2800,321.40,409699.00
standard_quicksort,reverse_sorted,2900,342.10,434594.00
standard_quicksort,reverse_sorted,3000,365.00,460208.00
standard_quicksort,nearly_sorted,100,9.90,13986.00
standard_quicksort,nearly_sorted,200,21.00,28220.00
standard_quicksort,nearly_sorted,300,27.20,36750.00
standard_quicksort,nearly_sorted,400,45.50,57369.00
standard_quicksort,nearly_sorted,500,46.80,60581.00
standard_quicksort,nearly_sorted,600,62.20,76215.00
standard_quicksort,nearly_sorted,700,77.40,103372.00
standard_quicksort,nearly_sorted,800,91.50,118345.00
standard_quicksort,nearly_sorted,900,100.50,121869.00
standard_quicksort,nearly_sorted,1000,96.90,123664.00
standard_quicksort,nearly_sorted,1100,117.30,142866.00
standard_quicksort,nearly_sorted,1200,125.30,158360.00
standard_quicksort,nearly_sorted,1300,139.90,182050.00
standard_quicksort,nearly_sorted,1400,156.00,200489.00
standard_quicksort,nearly_sorted,1500,179.60,227293.00
standard_quicksort,nearly_sorted,1600,178.60,232079.00
standard_quicksort,nearly_sorted,1700,188.40,238734.00
standard_quicksort,nearly_sorted,1800,189.20,239872.00
standard_quicksort,nearly_sorted,1900,192.00,242927.00
standard_quicksort,nearly_sorted,2000,192.80,242058.00
standard_quicksort,nearly_sorted,2100,214.20,264985.00
standard_quicksort,nearly_sorted,2200,229.60,282645.00
standard_quicksort,nearly_sorted,2300,239.90,307197.00
standard_quicksort,nearly_sorted,2400,250.80,313949.00
standard_quicksort,nearly_sorted,2500,394.00,346588.00
standard_quicksort,nearly_sorted,2600,302.10,365384.00
standard_quicksort,nearly_sorted,2700,307.90,387328.00
standard_quicksort,nearly_sorted,2800,319.10,407156.00
standard_quicksort,nearly_sorted,2900,330.00,427821.00
standard_quicksort,nearly_sorted,3000,347.60,456156.00
standard_quicksort,common_prefix,100,35.20,54151.00
standard_quicksort,common_prefix,200,88.20,148083.00
standard_quicksort,common_prefix,300,138.00,222349.00
standard_quicksort,common_prefix,400,190.40,319476.00
standard_quicksort,common_prefix,500,249.80,425529.00
standard_quicksort,common_prefix,600,298.10,500016.00
standard_quicksort,common_prefix,700,374.50,573849.00
standard_quicksort,common_prefix,800,403.10,686671.00
standard_quicksort,common_prefix,900,494.70,873746.00
standard_quicksort,common_prefix,1000,588.10,891542.00
standard_quicksort,common_prefix,1100,595.70,1003060.00
standard_quicksort,common_prefix,1200,629.00,1070137.00
standard_quicksort,common_prefix,1300,723.50,1236227.00
standard_quicksort,common_prefix,1400,792.60,1357328.00
standard_quicksort,common_prefix,1500,826.10,1439109.00
standard_quicksort,common_prefix,1600,880.00,1516530.00
standard_quicksort,common_prefix,1700,1059.00,1799121.00
standard_quicksort,common_prefix,1800,986.10,1679582.00
standard_quicksort,common_prefix,1900,1072.70,1863785.00
standard_quicksort,common_prefix,2000,1230.80,1908146.00
standard_quicksort,common_prefix,2100,1332.20,2381853.00
standard_quicksort,common_prefix,2200,1314.20,2295630.00
standard_quicksort,common_prefix,2300,1345.50,2344385.00
standard_quicksort,common_prefix,2400,1359.50,2350624.00
standard_quicksort,common_prefix,2500,1536.40,2704740.00
standard_quicksort,common_prefix,2600,1482.70,2576714.00
standard_quicksort,common_prefix,2700,1589.50,2796432.00
standard_quicksort,common_prefix,2800,1589.30,2784894.00
standard_quicksort,common_prefix,2900,1781.90,3162080.00
standard_quicksort,common_prefix,3000,1735.10,3005142.00
standard_mergesort,random,100,17.30,597.00
standard_mergesort,random,200,41.20,1482.00
standard_mergesort,random,300,76.20,2508.00
standard_mergesort,random,400,116.40,3678.00
standard_mergesort,random,500,156.60,4864.00
standard_mergesort,random,600,204.40,6100.00
standard_mergesort,random,700,254.30,7443.00
standard_mergesort,random,800,292.30,8798.00
standard_mergesort,random,900,334.80,10181.00
standard_mergesort,random,1000,385.80,11602.00
standard_mergesort,random,1100,416.50,13005.00
standard_mergesort,random,1200,472.20,14547.00
standard_mergesort,random,1300,523.60,16032.00
standard_mergesort,random,1400,563.90,17618.00
standard_mergesort,random,1500,601.80,19189.00
standard_mergesort,random,1600,654.00,20743.00
standard_mergesort,random,1700,687.40,22329.00
standard_mergesort,random,1800,742.20,23908.00
standard_mergesort,random,1900,786.60,25560.00
standard_mergesort,random,2000,840.60,27157.00
standard_mergesort,random,2100,927.30,28843.00
standard_mergesort,random,2200,953.50,30475.00
standard_mergesort,random,2300,999.60,32199.00
standard_mergesort,random,2400,1063.40,33892.00
standard_mergesort,random,2500,1118.20,35632.00
standard_mergesort,random,2600,1137.00,37354.00
standard_mergesort,random,2700,1173.60,39070.00
standard_mergesort,random,2800,1239.10,40903.00
standard_mergesort,random,2900,1316.50,42598.00
standard_mergesort,random,3000,1354.80,44411.00
standard_mergesort,reverse_sorted,100,15.50,686.00
standard_mergesort,reverse_sorted,200,44.70,1481.00
standard_mergesort,reverse_sorted,300,74.00,2325.00
standard_mergesort,reverse_sorted,400,97.10,3145.00
standard_mergesort,reverse_sorted,500,132.20,3869.00
standard_mergesort,reverse_sorted,600,157.90,4965.00
standard_mergesort,reverse_sorted,700,200.40,5864.00
standard_mergesort,reverse_sorted,800,227.50,6697.00
standard_mergesort,reverse_sorted,900,261.70,7508.00
standard_mergesort,reverse_sorted,1000,295.20,8170.00
standard_mergesort,reverse_sorted,1100,325.10,9332.00
standard_mergesort,reverse_sorted,1200,368.70,10438.00
standard_mergesort,reverse_sorted,1300,396.60,11459.00
standard_mergesort,reverse_sorted,1400,434.90,12385.00
standard_mergesort,reverse_sorted,1500,458.40,13346.00
standard_mergesort,reverse_sorted,1600,507.10,14235.00
standard_mergesort,reverse_sorted,1700,546.70,15213.00
standard_mergesort,reverse_sorted,1800,572.50,15821.00
standard_mergesort,reverse_sorted,1900,619.30,16723.00
standard_mergesort,reverse_sorted,2000,673.70,17348.00
standard_mergesort,reverse_sorted,2100,772.10,18449.00
standard_mergesort,reverse_sorted,2200,765.20,19756.00
standard_mergesort,reverse_sorted,2300,769.30,20890.00
standard_mergesort,reverse_sorted,2400,790.00,22052.00
standard_mergesort,reverse_sorted,2500,833.30,23073.00
standard_mergesort,reverse_sorted,2600,896.40,24160.00
standard_mergesort,reverse_sorted,2700,906.70,25333.00
standard_mergesort,reverse_sorted,2800,953.10,26207.00
standard_mergesort,reverse_sorted,2900,1030.30,27116.00
standard_mergesort,reverse_sorted,3000,1100.00,28152.00
standard_mergesort,nearly_sorted,100,12.10,655.00
standard_mergesort,nearly_sorted,200,32.70,1480.00
standard_mergesort,nearly_sorted,300,52.80,2327.00
standard_mergesort,nearly_sorted,400,77.10,3201.00
standard_mergesort,nearly_sorted,500,91.40,4295.00
standard_mergesort,nearly_sorted,600,113.00,5073.00
standard_mergesort,nearly_sorted,700,136.40,5945.00
standard_mergesort,nearly_sorted,800,156.50,6801.00
standard_mergesort,nearly_sorted,900,188.30,7943.00
standard_mergesort,nearly_sorted,1000,211.60,8959.00
standard_mergesort,nearly_sorted,1100,245.60,9849.00
standard_mergesort,nearly_sorted,1200,275.80,10706.00
standard_mergesort,nearly_sorted,1300,289.20,11558.00
standard_mergesort,nearly_sorted,1400,317.20,12465.00
standard_mergesort,nearly_sorted,1500,347.10,13579.00
standard_mergesort,nearly_sorted,1600,378.60,14422.00
standard_mergesort,nearly_sorted,1700,401.80,15430.00
standard_mergesort,nearly_sorted,1800,414.40,16480.00
standard_mergesort,nearly_sorted,1900,445.20,17481.00
standard_mergesort,nearly_sorted,2000,469.30,18578.00
standard_mergesort,nearly_sorted,2100,503.30,19738.00
standard_mergesort,nearly_sorted,2200,533.00,20487.00
standard_mergesort,nearly_sorted,2300,557.50,21456.00
standard_mergesort,nearly_sorted,2400,590.00,22126.00
standard_mergesort,nearly_sorted,2500,626.50,23250.00
standard_mergesort,nearly_sorted,2600,648.30,24162.00
standard_mergesort,nearly_sorted,2700,677.40,25179.00
standard_mergesort,nearly_sorted,2800,709.90,26169.00
standard_mergesort,nearly_sorted,2900,726.40,27237.00
standard_mergesort,nearly_sorted,3000,762.80,28443.00
standard_mergesort,common_prefix,100,37.70,32747.00
standard_mergesort,common_prefix,200,88.30,77966.00
standard_mergesort,common_prefix,300,149.10,128078.00
standard_mergesort,common_prefix,400,202.00,180117.00
standard_mergesort,common_prefix,500,258.10,236134.00
standard_mergesort,common_prefix,600,316.90,293362.00
standard_mergesort,common_prefix,700,378.30,351698.00
standard_mergesort,common_prefix,800,439.50,410599.00
standard_mergesort,common_prefix,900,501.90,473260.00
standard_mergesort,common_prefix,1000,570.40,534835.00
standard_mergesort,common_prefix,1100,634.10,596868.00
standard_mergesort,common_prefix,1200,703.20,662157.00
standard_mergesort,common_prefix,1300,763.10,725862.00
standard_mergesort,common_prefix,1400,827.20,790443.00
standard_mergesort,common_prefix,1500,905.50,857233.00
standard_mergesort,common_prefix,1600,958.00,919391.00
standard_mergesort,common_prefix,1700,1029.50,990009.00
standard_mergesort,common_prefix,1800,1110.20,1058470.00
standard_mergesort,common_prefix,1900,1190.10,1125585.00
standard_mergesort,common_prefix,2000,1269.20,1192596.00
standard_mergesort,common_prefix,2100,1342.10,1260174.00
standard_mergesort,common_prefix,2200,1390.30,1330077.00
standard_mergesort,common_prefix,2300,1489.00,1402582.00
standard_mergesort,common_prefix,2400,1591.20,1472846.00
standard_mergesort,common_prefix,2500,1641.10,1541847.00
standard_mergesort,common_prefix,2600,1704.50,1611945.00
standard_mergesort,common_prefix,2700,1799.80,1685710.00
standard_mergesort,common_prefix,2800,1896.20,1753253.00
standard_mergesort,common_prefix,2900,1927.20,1828043.00
standard_mergesort,common_prefix,3000,2033.60,1901249.00
ternary_string_quicksort,random,100,3.90,1061.00
ternary_string_quicksort,random,200,7.40,2559.00
ternary_string_quicksort,random,300,10.80,4017.00
ternary_string_quicksort,random,400,15.00,5756.00
ternary_string_quicksort,random,500,20.20,7715.00
ternary_string_quicksort,random,600,22.50,8201.00
ternary_string_quicksort,random,700,28.60,10486.00
ternary_string_quicksort,random,800,37.50,13732.00
ternary_string_quicksort,random,900,41.20,14769.00
ternary_string_quicksort,random,1000,49.50,16725.00
ternary_string_quicksort,random,1100,51.20,19502.00
ternary_string_quicksort,random,1200,66.00,21329.00
ternary_string_quicksort,random,1300,64.50,20555.00
ternary_string_quicksort,random,1400,72.90,24084.00
ternary_string_quicksort,random,1500,73.70,23648.00
ternary_string_quicksort,random,1600,86.30,28465.00
ternary_string_quicksort,random,1700,92.70,29381.00
ternary_string_quicksort,random,1800,106.00,30688.00
ternary_string_quicksort,random,1900,114.40,33850.00
ternary_string_quicksort,random,2000,133.60,37553.00
ternary_string_quicksort,random,2100,132.10,38484.00
ternary_string_quicksort,random,2200,143.60,40600.00
ternary_string_quicksort,random,2300,152.90,41683.00
ternary_string_quicksort,random,2400,171.90,44442.00
ternary_string_quicksort,random,2500,188.20,51415.00
ternary_string_quicksort,random,2600,196.30,48594.00
ternary_string_quicksort,random,2700,197.40,52605.00
ternary_string_quicksort,random,2800,212.00,51706.00
ternary_string_quicksort,random,2900,236.00,56455.00
ternary_string_quicksort,random,3000,252.00,60683.00
ternary_string_quicksort,reverse_sorted,100,2.30,952.00
ternary_string_quicksort,reverse_sorted,200,4.90,2312.00
ternary_string_quicksort,reverse_sorted,300,8.40,3782.00
ternary_string_quicksort,reverse_sorted,400,9.60,4658.00
ternary_string_quicksort,reverse_sorted,500,12.40,6089.00
ternary_string_quicksort,reverse_sorted,600,14.90,7370.00
ternary_string_quicksort,reverse_sorted,700,18.50,8917.00
ternary_string_quicksort,reverse_sorted,800,21.20,10352.00
ternary_string_quicksort,reverse_sorted,900,24.60,11982.00
ternary_string_quicksort,reverse_sorted,1000,29.00,13951.00
ternary_string_quicksort,reverse_sorted,1100,31.70,14823.00
ternary_string_quicksort,reverse_sorted,1200,35.80,16489.00
ternary_string_quicksort,reverse_sorted,1300,37.50,17995.00
ternary_string_quicksort,reverse_sorted,1400,40.60,19511.00
ternary_string_quicksort,reverse_sorted,1500,46.00,21037.00
ternary_string_quicksort,reverse_sorted,1600,50.50,22777.00
ternary_string_quicksort,reverse_sorted,1700,53.80,24390.00
ternary_string_quicksort,reverse_sorted,1800,56.40,26059.00
ternary_string_quicksort,reverse_sorted,1900,62.90,27934.00
ternary_string_quicksort,reverse_sorted,2000,62.70,29292.00
ternary_string_quicksort,reverse_sorted,2100,69.00,31301.00
ternary_string_quicksort,reverse_sorted,2200,72.50,32912.00
ternary_string_quicksort,reverse_sorted,2300,75.10,34486.00
ternary_string_quicksort,reverse_sorted,2400,80.90,36194.00
ternary_string_quicksort,reverse_sorted,2500,83.30,38158.00
ternary_string_quicksort,reverse_sorted,2600,87.80,39774.00
ternary_string_quicksort,reverse_sorted,2700,92.70,41347.00
ternary_string_quicksort,reverse_sorted,2800,99.70,43001.00
ternary_string_quicksort,reverse_sorted,2900,105.80,44797.00
ternary_string_quicksort,reverse_sorted,3000,104.20,46536.00
ternary_string_quicksort,nearly_sorted,100,2.40,949.00
ternary_string_quicksort,nearly_sorted,200,5.40,2097.00
ternary_string_quicksort,nearly_sorted,300,7.40,3312.00
ternary_string_quicksort,nearly_sorted,400,9.70,4724.00
ternary_string_quicksort,nearly_sorted,500,12.80,6007.00
ternary_string_quicksort,nearly_sorted,600,15.90,7576.00
ternary_string_quicksort,nearly_sorted,700,18.60,8894.00
ternary_string_quicksort,nearly_sorted,800,21.80,10301.00
ternary_string_quicksort,nearly_sorted,900,25.30,12038.00
ternary_string_quicksort,nearly_sorted,1000,28.50,13367.00
ternary_string_quicksort,nearly_sorted,1100,39.00,15079.00
ternary_string_quicksort,nearly_sorted,1200,37.30,16700.00
ternary_string_quicksort,nearly_sorted,1300,42.80,18216.00
ternary_string_quicksort,nearly_sorted,1400,45.70,20008.00
ternary_string_quicksort,nearly_sorted,1500,47.90,21511.00
ternary_string_quicksort,nearly_sorted,1600,51.30,23020.00
ternary_string_quicksort,nearly_sorted,1700,54.70,24551.00
ternary_string_quicksort,nearly_sorted,1800,57.60,26373.00
ternary_string_quicksort,nearly_sorted,1900,64.90,28351.00
ternary_string_quicksort,nearly_sorted,2000,65.60,29504.00
ternary_string_quicksort,nearly_sorted,2100,69.40,31479.00
ternary_string_quicksort,nearly_sorted,2200,72.20,33068.00
ternary_string_quicksort,nearly_sorted,2300,82.70,35168.00
ternary_string_quicksort,nearly_sorted,2400,83.40,36820.00
ternary_string_quicksort,nearly_sorted,2500,91.90,38483.00
ternary_string_quicksort,nearly_sorted,2600,93.60,40144.00
ternary_string_quicksort,nearly_sorted,2700,93.20,41820.00
ternary_string_quicksort,nearly_sorted,2800,98.20,43827.00
ternary_string_quicksort,nearly_sorted,2900,106.40,45607.00
ternary_string_quicksort,nearly_sorted,3000,110.40,47099.00
ternary_string_quicksort,common_prefix,100,10.40,13018.00
ternary_string_quicksort,common_prefix,200,18.20,26967.00
ternary_string_quicksort,common_prefix,300,27.20,40299.00
ternary_string_quicksort,common_prefix,400,39.80,54122.00
ternary_string_quicksort,common_prefix,500,47.20,67749.00
ternary_string_quicksort,common_prefix,600,55.60,80600.00
ternary_string_quicksort,common_prefix,700,67.10,95181.00
ternary_string_quicksort,common_prefix,800,80.90,110248.00
ternary_string_quicksort,common_prefix,900,88.30,123442.00
ternary_string_quicksort,common_prefix,1000,105.10,137384.00
ternary_string_quicksort,common_prefix,1100,107.70,149462.00
ternary_string_quicksort,common_prefix,1200,130.20,165263.00
ternary_string_quicksort,common_prefix,1300,132.00,178342.00
ternary_string_quicksort,common_prefix,1400,149.10,192658.00
ternary_string_quicksort,common_prefix,1500,157.60,205328.00
ternary_string_quicksort,common_prefix,1600,178.60,221283.00
ternary_string_quicksort,common_prefix,1700,181.40,235954.00
ternary_string_quicksort,common_prefix,1800,206.80,246203.00
ternary_string_quicksort,common_prefix,1900,214.20,260739.00
ternary_string_quicksort,common_prefix,2000,231.90,278133.00
ternary_string_quicksort,common_prefix,2100,256.70,290014.00
ternary_string_quicksort,common_prefix,2200,264.90,306333.00
ternary_string_quicksort,common_prefix,2300,274.40,319574.00
ternary_string_quicksort,common_prefix,2400,293.00,333131.00
ternary_string_quicksort,common_prefix,2500,315.90,354623.00
ternary_string_quicksort,common_prefix,2600,325.40,360688.00
ternary_string_quicksort,common_prefix,2700,343.60,375839.00
ternary_string_quicksort,common_prefix,2800,359.70,389726.00
ternary_string_quicksort,common_prefix,2900,374.20,402821.00
ternary_string_quicksort,common_prefix,3000,374.50,414751.00
lcp_mergesort,random,100,25.30,519.00
lcp_mergesort,random,200,63.00,1175.00
lcp_mergesort,random,300,102.30,1912.00
lcp_mergesort,random,400,151.60,2729.00
lcp_mergesort,random,500,206.80,3522.00
lcp_mergesort,random,600,258.90,4361.00
lcp_mergesort,random,700,316.30,5235.00
lcp_mergesort,random,800,376.60,6141.00
lcp_mergesort,random,900,430.20,7006.00
lcp_mergesort,random,1000,482.60,7933.00
lcp_mergesort,random,1100,548.70,8806.00
lcp_mergesort,random,1200,606.60,9807.00
lcp_mergesort,random,1300,705.60,10700.00
lcp_mergesort,random,1400,762.60,11694.00
lcp_mergesort,random,1500,826.70,12691.00
lcp_mergesort,random,1600,867.20,13641.00
lcp_mergesort,random,1700,910.70,14544.00
lcp_mergesort,random,1800,1003.90,15522.00
lcp_mergesort,random,1900,1060.30,16552.00
lcp_mergesort,random,2000,1112.30,17526.00
lcp_mergesort,random,2100,1157.10,18549.00
lcp_mergesort,random,2200,1234.40,19481.00
lcp_mergesort,random,2300,1317.70,20563.00
lcp_mergesort,random,2400,1373.30,21604.00
lcp_mergesort,random,2500,1417.40,22663.00
lcp_mergesort,random,2600,1474.50,23652.00
lcp_mergesort,random,2700,1540.10,24641.00
lcp_mergesort,random,2800,1613.50,25771.00
lcp_mergesort,random,2900,1664.50,26789.00
lcp_mergesort,random,3000,1723.70,27866.00
lcp_mergesort,reverse_sorted,100,27.10,382.00
lcp_mergesort,reverse_sorted,200,60.00,765.00
lcp_mergesort,reverse_sorted,300,99.50,1175.00
lcp_mergesort,reverse_sorted,400,144.50,1542.00
lcp_mergesort,reverse_sorted,500,182.90,1895.00
lcp_mergesort,reverse_sorted,600,231.80,2387.00
lcp_mergesort,reverse_sorted,700,282.90,2734.00
lcp_mergesort,reverse_sorted,800,334.90,3121.00
lcp_mergesort,reverse_sorted,900,387.80,3478.00
lcp_mergesort,reverse_sorted,1000,434.70,3769.00
lcp_mergesort,reverse_sorted,1100,483.40,4254.00
lcp_mergesort,reverse_sorted,1200,532.80,4724.00
lcp_mergesort,reverse_sorted,1300,575.50,5164.00
lcp_mergesort,reverse_sorted,1400,626.20,5497.00
lcp_mergesort,reverse_sorted,1500,701.20,5947.00
lcp_mergesort,reverse_sorted,1600,722.90,6328.00
lcp_mergesort,reverse_sorted,1700,778.30,6701.00
lcp_mergesort,reverse_sorted,1800,854.90,6936.00
lcp_mergesort,reverse_sorted,1900,903.80,7337.00
lcp_mergesort,reverse_sorted,2000,946.10,7612.00
lcp_mergesort,reverse_sorted,2100,1003.30,8060.00
lcp_mergesort,reverse_sorted,2200,1063.30,8612.00
lcp_mergesort,reverse_sorted,2300,1146.80,9073.00
lcp_mergesort,reverse_sorted,2400,1193.40,9492.00
lcp_mergesort,reverse_sorted,2500,1238.70,9861.00
lcp_mergesort,reverse_sorted,2600,1275.70,10415.00
lcp_mergesort,reverse_sorted,2700,1331.10,10856.00
lcp_mergesort,reverse_sorted,2800,1453.00,11138.00
lcp_mergesort,reverse_sorted,2900,1441.00,11492.00
lcp_mergesort,reverse_sorted,3000,1497.60,11985.00
lcp_mergesort,nearly_sorted,100,25.40,379.00
lcp_mergesort,nearly_sorted,200,56.50,783.00
lcp_mergesort,nearly_sorted,300,97.80,1179.00
lcp_mergesort,nearly_sorted,400,135.10,1576.00
lcp_mergesort,nearly_sorted,500,178.20,2097.00
lcp_mergesort,nearly_sorted,600,222.90,2454.00
lcp_mergesort,nearly_sorted,700,278.80,2872.00
lcp_mergesort,nearly_sorted,800,323.00,3191.00
lcp_mergesort,nearly_sorted,900,372.20,3691.00
lcp_mergesort,nearly_sorted,1000,436.60,4110.00
lcp_mergesort,nearly_sorted,1100,479.70,4511.00
lcp_mergesort,nearly_sorted,1200,521.40,4836.00
lcp_mergesort,nearly_sorted,1300,596.90,5231.00
lcp_mergesort,nearly_sorted,1400,648.80,5639.00
lcp_mergesort,nearly_sorted,1500,697.00,6068.00
lcp_mergesort,nearly_sorted,1600,761.30,6380.00
lcp_mergesort,nearly_sorted,1700,782.50,6812.00
lcp_mergesort,nearly_sorted,1800,832.80,7316.00
lcp_mergesort,nearly_sorted,1900,874.10,7662.00
lcp_mergesort,nearly_sorted,2000,943.10,8131.00
lcp_mergesort,nearly_sorted,2100,990.20,8659.00
lcp_mergesort,nearly_sorted,2200,1042.90,8881.00
lcp_mergesort,nearly_sorted,2300,1086.40,9363.00
lcp_mergesort,nearly_sorted,2400,1140.00,9559.00
lcp_mergesort,nearly_sorted,2500,1227.90,10026.00
lcp_mergesort,nearly_sorted,2600,1254.60,10358.00
lcp_mergesort,nearly_sorted,2700,1287.40,10808.00
lcp_mergesort,nearly_sorted,2800,1337.80,11208.00
lcp_mergesort,nearly_sorted,2900,1403.60,11648.00
lcp_mergesort,nearly_sorted,3000,1451.00,12080.00
lcp_mergesort,common_prefix,100,28.00,6438.00
lcp_mergesort,common_prefix,200,71.20,13094.00
lcp_mergesort,common_prefix,300,118.70,19841.00
lcp_mergesort,common_prefix,400,170.20,26570.00
lcp_mergesort,common_prefix,500,233.90,33438.00
lcp_mergesort,common_prefix,600,289.40,40238.00
lcp_mergesort,common_prefix,700,347.80,47094.00
lcp_mergesort,common_prefix,800,403.20,53904.00
lcp_mergesort,common_prefix,900,465.70,60883.00
lcp_mergesort,common_prefix,1000,536.50,67784.00
lcp_mergesort,common_prefix,1100,599.30,74665.00
lcp_mergesort,common_prefix,1200,669.40,81605.00
lcp_mergesort,common_prefix,1300,743.20,88500.00
lcp_mergesort,common_prefix,1400,794.20,95468.00
lcp_mergesort,common_prefix,1500,858.40,102453.00
lcp_mergesort,common_prefix,1600,886.70,109309.00
lcp_mergesort,common_prefix,1700,966.90,116376.00
lcp_mergesort,common_prefix,1800,1032.90,123446.00
lcp_mergesort,common_prefix,1900,1078.10,130429.00
lcp_mergesort,common_prefix,2000,1137.30,137431.00
lcp_mergesort,common_prefix,2100,1242.40,144358.00
lcp_mergesort,common_prefix,2200,1293.60,151406.00
lcp_mergesort,common_prefix,2300,1351.90,158467.00
lcp_mergesort,common_prefix,2400,1453.60,165461.00
lcp_mergesort,common_prefix,2500,1493.20,172471.00
lcp_mergesort,common_prefix,2600,1561.40,179444.00
lcp_mergesort,common_prefix,2700,1609.70,186519.00
lcp_mergesort,common_prefix,2800,1691.40,193491.00
lcp_mergesort,common_prefix,2900,1781.20,200673.00
lcp_mergesort,common_prefix,3000,1822.40,207694.00
msd_radix_sort,random,100,27.00,171.00
msd_radix_sort,random,200,58.30,398.00
msd_radix_sort,random,300,82.80,618.00
msd_radix_sort,random,400,106.90,835.00
msd_radix_sort,random,500,129.70,1048.00
msd_radix_sort,random,600,159.10,1269.00
msd_radix_sort,random,700,189.40,1498.00
msd_radix_sort,random,800,211.50,1711.00
msd_radix_sort,random,900,237.20,1941.00
msd_radix_sort,random,1000,269.10,2165.00
msd_radix_sort,random,1100,297.60,2396.00
msd_radix_sort,random,1200,331.20,2643.00
msd_radix_sort,random,1300,367.70,2892.00
msd_radix_sort,random,1400,401.80,3140.00
msd_radix_sort,random,1500,428.50,3379.00
msd_radix_sort,random,1600,458.60,3636.00
msd_radix_sort,random,1700,501.40,3881.00
msd_radix_sort,random,1800,524.20,4117.00
msd_radix_sort,random,1900,560.90,4371.00
msd_radix_sort,random,2000,601.90,4614.00
msd_radix_sort,random,2100,642.00,4865.00
msd_radix_sort,random,2200,679.00,5131.00
msd_radix_sort,random,2300,731.30,5411.00
msd_radix_sort,random,2400,753.50,5667.00
msd_radix_sort,random,2500,789.10,5920.00
msd_radix_sort,random,2600,829.10,6182.00
msd_radix_sort,random,2700,869.10,6451.00
msd_radix_sort,random,2800,933.80,6729.00
msd_radix_sort,random,2900,984.20,6989.00
msd_radix_sort,random,3000,1011.60,7259.00
msd_radix_sort,reverse_sorted,100,25.80,241.00
msd_radix_sort,reverse_sorted,200,56.20,488.00
msd_radix_sort,reverse_sorted,300,100.30,736.00
msd_radix_sort,reverse_sorted,400,142.00,970.00
msd_radix_sort,reverse_sorted,500,163.40,1229.00
msd_radix_sort,reverse_sorted,600,199.90,1471.00
msd_radix_sort,reverse_sorted,700,228.00,1718.00
msd_radix_sort,reverse_sorted,800,264.10,1947.00
msd_radix_sort,reverse_sorted,900,295.20,2195.00
msd_radix_sort,reverse_sorted,1000,324.00,2437.00
msd_radix_sort,reverse_sorted,1100,366.00,2680.00
msd_radix_sort,reverse_sorted,1200,396.70,2931.00
msd_radix_sort,reverse_sorted,1300,426.30,3174.00
msd_radix_sort,reverse_sorted,1400,457.50,3410.00
msd_radix_sort,reverse_sorted,1500,484.50,3643.00
msd_radix_sort,reverse_sorted,1600,517.30,3884.00
msd_radix_sort,reverse_sorted,1700,545.00,4123.00
msd_radix_sort,reverse_sorted,1800,586.30,4362.00
msd_radix_sort,reverse_sorted,1900,610.80,4609.00
msd_radix_sort,reverse_sorted,2000,643.90,4849.00
msd_radix_sort,reverse_sorted,2100,681.10,5093.00
msd_radix_sort,reverse_sorted,2200,708.70,5337.00
msd_radix_sort,reverse_sorted,2300,734.80,5572.00
msd_radix_sort,reverse_sorted,2400,776.00,5813.00
msd_radix_sort,reverse_sorted,2500,800.40,6052.00
msd_radix_sort,reverse_sorted,2600,820.50,6287.00
msd_radix_sort,reverse_sorted,2700,865.10,6532.00
msd_radix_sort,reverse_sorted,2800,880.60,6769.00
msd_radix_sort,reverse_sorted,2900,932.80,7019.00
msd_radix_sort,reverse_sorted,3000,957.10,7259.00
msd_radix_sort,nearly_sorted,100,25.30,240.00
msd_radix_sort,nearly_sorted,200,51.90,490.00
msd_radix_sort,nearly_sorted,300,84.00,727.00
msd_radix_sort,nearly_sorted,400,112.90,972.00
msd_radix_sort,nearly_sorted,500,142.80,1207.00
msd_radix_sort,nearly_sorted,600,166.80,1446.00
msd_radix_sort,nearly_sorted,700,197.90,1687.00
msd_radix_sort,nearly_sorted,800,222.60,1922.00
msd_radix_sort,nearly_sorted,900,256.00,2166.00
msd_radix_sort,nearly_sorted,1000,278.50,2410.00
msd_radix_sort,nearly_sorted,1100,310.70,2648.00
msd_radix_sort,nearly_sorted,1200,346.30,2897.00
msd_radix_sort,nearly_sorted,1300,367.20,3134.00
msd_radix_sort,nearly_sorted,1400,392.10,3374.00
msd_radix_sort,nearly_sorted,1500,423.60,3616.00
msd_radix_sort,nearly_sorted,1600,455.70,3849.00
msd_radix_sort,nearly_sorted,1700,475.90,4083.00
msd_radix_sort,nearly_sorted,1800,505.70,4326.00
msd_radix_sort,nearly_sorted,1900,537.90,4579.00
msd_radix_sort,nearly_sorted,2000,564.10,4822.00
msd_radix_sort,nearly_sorted,2100,594.60,5063.00
msd_radix_sort,nearly_sorted,2200,618.90,5312.00
msd_radix_sort,nearly_sorted,2300,641.60,5541.00
msd_radix_sort,nearly_sorted,2400,670.20,5788.00
msd_radix_sort,nearly_sorted,2500,702.70,6030.00
msd_radix_sort,nearly_sorted,2600,739.10,6289.00
msd_radix_sort,nearly_sorted,2700,766.60,6523.00
msd_radix_sort,nearly_sorted,2800,800.60,6769.00
msd_radix_sort,nearly_sorted,2900,817.10,7018.00
msd_radix_sort,nearly_sorted,3000,846.90,7259.00
msd_radix_sort,common_prefix,100,358.90,6179.00
msd_radix_sort,common_prefix,200,644.70,12396.00
msd_radix_sort,common_prefix,300,1028.80,18609.00
msd_radix_sort,common_prefix,400,1221.50,24818.00
msd_radix_sort,common_prefix,500,1357.20,31040.00
msd_radix_sort,common_prefix,600,1889.00,37255.00
msd_radix_sort,common_prefix,700,2358.20,43469.00
msd_radix_sort,common_prefix,800,2702.80,49694.00
msd_radix_sort,common_prefix,900,3023.40,55915.00
msd_radix_sort,common_prefix,1000,3373.20,62139.00
msd_radix_sort,common_prefix,1100,3951.90,68370.00
msd_radix_sort,common_prefix,1200,4433.70,74609.00
msd_radix_sort,common_prefix,1300,4762.90,80853.00
msd_radix_sort,common_prefix,1400,5479.40,87091.00
msd_radix_sort,common_prefix,1500,6247.90,93329.00
msd_radix_sort,common_prefix,1600,6168.90,99558.00
msd_radix_sort,common_prefix,1700,6705.80,105807.00
msd_radix_sort,common_prefix,1800,7172.00,112063.00
msd_radix_sort,common_prefix,1900,6636.20,118300.00
msd_radix_sort,common_prefix,2000,7524.40,124553.00
msd_radix_sort,common_prefix,2100,9218.20,130816.00
msd_radix_sort,common_prefix,2200,8402.10,137087.00
msd_radix_sort,common_prefix,2300,8429.40,143352.00
msd_radix_sort,common_prefix,2400,10167.90,149622.00
msd_radix_sort,common_prefix,2500,10275.90,155887.00
msd_radix_sort,common_prefix,2600,9646.00,162147.00
msd_radix_sort,common_prefix,2700,10106.20,168418.00
msd_radix_sort,common_prefix,2800,10225.30,174690.00
msd_radix_sort,common_prefix,2900,10016.90,180964.00
msd_radix_sort,common_prefix,3000,10300.50,187241.00
msd_radix_sort_with_quicksort,random,100,9.20,251.00
msd_radix_sort_with_quicksort,random,200,17.00,689.00
msd_radix_sort_with_quicksort,random,300,27.10,1310.00
msd_radix_sort_with_quicksort,random,400,37.80,1954.00
msd_radix_sort_with_quicksort,random,500,50.60,2696.00
msd_radix_sort_with_quicksort,random,600,60.10,3366.00
msd_radix_sort_with_quicksort,random,700,69.50,4174.00
msd_radix_sort_with_quicksort,random,800,85.60,5163.00
msd_radix_sort_with_quicksort,random,900,98.00,5981.00
msd_radix_sort_with_quicksort,random,1000,174.50,6697.00
msd_radix_sort_with_quicksort,random,1100,125.00,7594.00
msd_radix_sort_with_quicksort,random,1200,126.60,8615.00
msd_radix_sort_with_quicksort,random,1300,145.70,9634.00
msd_radix_sort_with_quicksort,random,1400,156.10,10830.00
msd_radix_sort_with_quicksort,random,1500,165.70,11784.00
msd_radix_sort_with_quicksort,random,1600,175.70,12688.00
msd_radix_sort_with_quicksort,random,1700,188.70,13829.00
msd_radix_sort_with_quicksort,random,1800,200.10,15056.00
msd_radix_sort_with_quicksort,random,1900,219.90,15911.00
msd_radix_sort_with_quicksort,random,2000,234.10,16812.00
msd_radix_sort_with_quicksort,random,2100,237.60,17963.00
msd_radix_sort_with_quicksort,random,2200,253.10,19230.00
msd_radix_sort_with_quicksort,random,2300,261.60,20373.00
msd_radix_sort_with_quicksort,random,2400,269.20,21624.00
msd_radix_sort_with_quicksort,random,2500,289.70,22824.00
msd_radix_sort_with_quicksort,random,2600,298.60,24150.00
msd_radix_sort_with_quicksort,random,2700,314.10,24743.00
msd_radix_sort_with_quicksort,random,2800,334.30,26602.00
msd_radix_sort_with_quicksort,random,2900,354.30,27872.00
msd_radix_sort_with_quicksort,random,3000,361.30,29533.00
msd_radix_sort_with_quicksort,reverse_sorted,100,8.00,742.00
msd_radix_sort_with_quicksort,reverse_sorted,200,13.90,1567.00
msd_radix_sort_with_quicksort,reverse_sorted,300,21.80,2333.00
msd_radix_sort_with_quicksort,reverse_sorted,400,32.10,3137.00
msd_radix_sort_with_quicksort,reverse_sorted,500,40.60,4001.00
msd_radix_sort_with_quicksort,reverse_sorted,600,50.50,4783.00
msd_radix_sort_with_quicksort,reverse_sorted,700,61.30,5556.00
msd_radix_sort_with_quicksort,reverse_sorted,800,71.90,6313.00
msd_radix_sort_with_quicksort,reverse_sorted,900,82.10,7126.00
msd_radix_sort_with_quicksort,reverse_sorted,1000,91.90,7894.00
msd_radix_sort_with_quicksort,reverse_sorted,1100,101.80,8669.00
msd_radix_sort_with_quicksort,reverse_sorted,1200,110.30,9445.00
msd_radix_sort_with_quicksort,reverse_sorted,1300,118.00,10186.00
msd_radix_sort_with_quicksort,reverse_sorted,1400,135.90,10946.00
msd_radix_sort_with_quicksort,reverse_sorted,1500,132.90,11682.00
msd_radix_sort_with_quicksort,reverse_sorted,1600,142.70,12448.00
msd_radix_sort_with_quicksort,reverse_sorted,1700,155.80,13229.00
msd_radix_sort_with_quicksort,reverse_sorted,1800,157.30,13978.00
msd_radix_sort_with_quicksort,reverse_sorted,1900,171.30,14783.00
msd_radix_sort_with_quicksort,reverse_sorted,2000,184.60,15566.00
msd_radix_sort_with_quicksort,reverse_sorted,2100,179.80,16364.00
msd_radix_sort_with_quicksort,reverse_sorted,2200,191.70,17196.00
msd_radix_sort_with_quicksort,reverse_sorted,2300,198.20,17945.00
msd_radix_sort_with_quicksort,reverse_sorted,2400,211.80,18729.00
msd_radix_sort_with_quicksort,reverse_sorted,2500,222.90,19486.00
msd_radix_sort_with_quicksort,reverse_sorted,2600,226.10,20280.00
msd_radix_sort_with_quicksort,reverse_sorted,2700,245.20,21082.00
msd_radix_sort_with_quicksort,reverse_sorted,2800,256.10,21853.00
msd_radix_sort_with_quicksort,reverse_sorted,2900,262.10,22638.00
msd_radix_sort_with_quicksort,reverse_sorted,3000,263.80,23426.00
msd_radix_sort_with_quicksort,nearly_sorted,100,6.60,758.00
msd_radix_sort_with_quicksort,nearly_sorted,200,11.80,1570.00
msd_radix_sort_with_quicksort,nearly_sorted,300,18.60,2388.00
msd_radix_sort_with_quicksort,nearly_sorted,400,27.20,3195.00
msd_radix_sort_with_quicksort,nearly_sorted,500,39.10,4006.00
msd_radix_sort_with_quicksort,nearly_sorted,600,46.00,4805.00
msd_radix_sort_with_quicksort,nearly_sorted,700,52.60,5570.00
msd_radix_sort_with_quicksort,nearly_sorted,800,64.10,6387.00
msd_radix_sort_with_quicksort,nearly_sorted,900,73.10,7189.00
msd_radix_sort_with_quicksort,nearly_sorted,1000,80.40,8023.00
msd_radix_sort_with_quicksort,nearly_sorted,1100,91.90,8801.00
msd_radix_sort_with_quicksort,nearly_sorted,1200,98.30,9637.00
msd_radix_sort_with_quicksort,nearly_sorted,1300,106.80,10430.00
msd_radix_sort_with_quicksort,nearly_sorted,1400,115.00,11206.00
msd_radix_sort_with_quicksort,nearly_sorted,1500,121.10,11985.00
msd_radix_sort_with_quicksort,nearly_sorted,1600,125.40,12766.00
msd_radix_sort_with_quicksort,nearly_sorted,1700,138.50,13541.00
msd_radix_sort_with_quicksort,nearly_sorted,1800,141.00,14292.00
msd_radix_sort_with_quicksort,nearly_sorted,1900,148.70,15146.00
msd_radix_sort_with_quicksort,nearly_sorted,2000,154.90,15902.00
msd_radix_sort_with_quicksort,nearly_sorted,2100,168.70,16699.00
msd_radix_sort_with_quicksort,nearly_sorted,2200,169.60,17519.00
msd_radix_sort_with_quicksort,nearly_sorted,2300,197.80,18272.00
msd_radix_sort_with_quicksort,nearly_sorted,2400,196.80,19108.00
msd_radix_sort_with_quicksort,nearly_sorted,2500,202.90,19896.00
msd_radix_sort_with_quicksort,nearly_sorted,2600,216.70,20750.00
msd_radix_sort_with_quicksort,nearly_sorted,2700,225.90,21593.00
msd_radix_sort_with_quicksort,nearly_sorted,2800,237.40,22399.00
msd_radix_sort_with_quicksort,nearly_sorted,2900,239.50,23184.00
msd_radix_sort_with_quicksort,nearly_sorted,3000,251.60,24030.00
msd_radix_sort_with_quicksort,common_prefix,100,366.30,6261.00
msd_radix_sort_with_quicksort,common_prefix,200,578.30,12725.00
msd_radix_sort_with_quicksort,common_prefix,300,895.60,19235.00
msd_radix_sort_with_quicksort,common_prefix,400,1001.40,25921.00
msd_radix_sort_with_quicksort,common_prefix,500,1429.20,32602.00
msd_radix_sort_with_quicksort,common_prefix,600,1768.70,39473.00
msd_radix_sort_with_quicksort,common_prefix,700,2113.50,46262.00
msd_radix_sort_with_quicksort,common_prefix,800,2644.00,52988.00
msd_radix_sort_with_quicksort,common_prefix,900,2850.20,59955.00
msd_radix_sort_with_quicksort,common_prefix,1000,3658.30,66698.00
msd_radix_sort_with_quicksort,common_prefix,1100,3430.00,73736.00
msd_radix_sort_with_quicksort,common_prefix,1200,4403.30,80510.00
msd_radix_sort_with_quicksort,common_prefix,1300,4793.90,87532.00
msd_radix_sort_with_quicksort,common_prefix,1400,4456.70,94763.00
msd_radix_sort_with_quicksort,common_prefix,1500,5498.10,101598.00
msd_radix_sort_with_quicksort,common_prefix,1600,5303.10,108679.00
msd_radix_sort_with_quicksort,common_prefix,1700,7041.60,115707.00
msd_radix_sort_with_quicksort,common_prefix,1800,6422.10,122680.00
msd_radix_sort_with_quicksort,common_prefix,1900,7124.60,129733.00
msd_radix_sort_with_quicksort,common_prefix,2000,6254.80,136945.00
msd_radix_sort_with_quicksort,common_prefix,2100,8113.50,144540.00
msd_radix_sort_with_quicksort,common_prefix,2200,8499.10,151416.00
msd_radix_sort_with_quicksort,common_prefix,2300,8723.70,158464.00
msd_radix_sort_with_quicksort,common_prefix,2400,8378.30,165298.00
msd_radix_sort_with_quicksort,common_prefix,2500,8005.50,172613.00
msd_radix_sort_with_quicksort,common_prefix,2600,8145.60,179988.00
msd_radix_sort_with_quicksort,common_prefix,2700,8610.40,187153.00
msd_radix_sort_with_quicksort,common_prefix,2800,8680.40,194261.00
msd_radix_sort_with_quicksort,common_prefix,2900,9135.80,201308.00
msd_radix_sort_with_quicksort,common_prefix,3000,9344.00,208371.00
